{
  "users": [
    {
      "id": 1687020157975,
      "fname": "PRADIPTA KUMAR",
      "lname": "JANA",
      "email": "pradipta00000@gmail.com",
      "phone": "08348442126",
      "password": "123456"
    },
    {
      "id": 1687024253504,
      "fname": "PRADIPTA KUMAR",
      "lname": "JANA",
      "email": "pradipta000001@gmail.com",
      "phone": "08348442126",
      "password": "1313"
    },
    {
      "id": 1687027011865,
      "fname": "PRADIPTA",
      "lname": "JANA",
      "email": "pradiptajana.co@gmail.com",
      "phone": "08348442126",
      "password": "123456"
    }
  ]
}